filename,path,datetime,lat,lon,gps_accuracy_m,source_file,x_meters,y_meters
IMG_2405.jpg,Photos/Building35Upper/IMG_2405.HEIC,2025:12:26 10:05:11,31.261855555555556,34.80415833333333,10.700472409287366,Building35Upper.csv,1.0965085656735813,-19.700989830838296
IMG_2406.jpg,Photos/Building35Upper/IMG_2406.HEIC,2025:12:26 10:05:14,31.261883333333333,34.80413055555555,8.091662283008942,Building35Upper.csv,-1.5422679960165668,-16.613989830867425
IMG_2407.jpg,Photos/Building35Upper/IMG_2407.HEIC,2025:12:26 10:05:16,31.26189722222222,34.80413333333333,6.0212494518199575,Building35Upper.csv,-1.2783903396450558,-15.0704898310794
IMG_2408.jpg,Photos/Building35Upper/IMG_2408.HEIC,2025:12:26 10:05:20,31.261794444444444,34.80415833333333,5.470384721837808,Building35Upper.csv,1.0965085656735813,-26.49238983093214
IMG_2409.jpg,Photos/Building35Upper/IMG_2409.HEIC,2025:12:26 10:05:24,31.261836111111112,34.80415277777777,4.733798369232219,Building35Upper.csv,0.5687532529305597,-21.861889830778424
IMG_2410.jpg,Photos/Building35Upper/IMG_2410.HEIC,2025:12:26 10:05:26,31.261836111111112,34.80415277777777,4.72361174850849,Building35Upper.csv,0.5687532529305597,-21.861889830778424
IMG_2411.jpg,Photos/Building35Upper/IMG_2411.HEIC,2025:12:26 10:05:28,31.261830555555555,34.80415277777777,3.5215619487865704,Building35Upper.csv,0.5687532529305597,-22.479289830930526
IMG_2412.jpg,Photos/Building35Upper/IMG_2412.HEIC,2025:12:26 10:05:30,31.261833333333332,34.804141666666666,4.61316468132138,Building35Upper.csv,-0.4867573712055101,-22.170589831051885
IMG_2413.jpg,Photos/Building35Upper/IMG_2413.HEIC,2025:12:26 10:06:08,31.26193888888889,34.804005555555555,7.251090644692196,Building35Upper.csv,-13.416762521934766,-10.439989830925683
IMG_2414.jpg,Photos/Building35Upper/IMG_2414.HEIC,2025:12:26 10:06:10,31.261919444444445,34.804005555555555,7.473947852892066,Building35Upper.csv,-13.416762521934766,-12.60088983086581
IMG_2415.jpg,Photos/Building35Upper/IMG_2415.HEIC,2025:12:26 10:06:13,31.261913888888888,34.803999999999995,6.353716445391996,Building35Upper.csv,-13.944517834677788,-13.218289831017913
IMG_2416.jpg,Photos/Building35Upper/IMG_2416.HEIC,2025:12:26 10:06:15,31.261908333333334,34.80399722222222,5.962524230023692,Building35Upper.csv,-14.208395490374313,-13.835689830775195
IMG_2417.jpg,Photos/Building35Upper/IMG_2417.HEIC,2025:12:26 10:06:17,31.261925,34.804005555555555,6.577146105741899,Building35Upper.csv,-13.416762521934766,-11.983489830713708
IMG_2418.jpg,Photos/Building35Upper/IMG_2418.HEIC,2025:12:26 10:06:19,31.26191111111111,34.80399722222222,5.7847378217059235,Building35Upper.csv,-14.208395490374313,-13.526989830896554
IMG_2419.jpg,Photos/Building35Upper/IMG_2419.HEIC,2025:12:26 10:06:22,31.261902777777777,34.804005555555555,6.778681936909785,Building35Upper.csv,-13.416762521934766,-14.453089830927297
IMG_2420.jpg,Photos/Building35Upper/IMG_2420.HEIC,2025:12:26 10:06:24,31.26189722222222,34.804005555555555,6.433863611080209,Building35Upper.csv,-13.416762521934766,-15.0704898310794
IMG_2421.jpg,Photos/Building35Upper/IMG_2421.HEIC,2025:12:26 10:06:26,31.261891666666667,34.80400833333333,7.193314641517678,Building35Upper.csv,-13.152884866238242,-15.687889830836681
IMG_2422.jpg,Photos/Building35Upper/IMG_2422.HEIC,2025:12:26 10:06:28,31.261894444444444,34.80400833333333,7.178377178377178,Building35Upper.csv,-13.152884866238242,-15.37918983095804
IMG_2423.jpg,Photos/Building35Upper/IMG_2423.HEIC,2025:12:26 10:07:02,31.26200555555555,34.803925,8.906991744066048,Building35Upper.csv,-21.069214549958712,-3.0311898314693764
IMG_2424.jpg,Photos/Building35Upper/IMG_2424.HEIC,2025:12:26 10:07:04,31.26200555555555,34.803925,8.869767712638994,Building35Upper.csv,-21.069214549958712,-3.0311898314693764
IMG_2425.jpg,Photos/Building35Upper/IMG_2425.HEIC,2025:12:26 10:07:06,31.26198888888889,34.80394444444444,8.386795956261604,Building35Upper.csv,-19.222070957383096,-4.883389830741223
IMG_2426.jpg,Photos/Building35Upper/IMG_2426.HEIC,2025:12:26 10:07:09,31.26198888888889,34.80394444444444,8.372902596950498,Building35Upper.csv,-19.222070957383096,-4.883389830741223
IMG_2427.jpg,Photos/Building35Upper/IMG_2427.HEIC,2025:12:26 10:07:11,31.26198888888889,34.80394444444444,8.128684030157642,Building35Upper.csv,-19.222070957383096,-4.883389830741223
IMG_2428.jpg,Photos/Building35Upper/IMG_2428.HEIC,2025:12:26 10:07:12,31.26198888888889,34.80394444444444,7.761991199119912,Building35Upper.csv,-19.222070957383096,-4.883389830741223
IMG_2429.jpg,Photos/Building35Upper/IMG_2429.HEIC,2025:12:26 10:07:15,31.26198611111111,34.80396388888889,7.5450694679769565,Building35Upper.csv,-17.374927364132496,-5.192089831014684
IMG_2430.jpg,Photos/Building35Upper/IMG_2430.HEIC,2025:12:26 10:07:22,31.261961111111113,34.803974999999994,6.922048569367637,Building35Upper.csv,-16.319416739996427,-7.970389830712094
IMG_2431.jpg,Photos/Building35Upper/IMG_2431.HEIC,2025:12:26 10:07:39,31.26203888888889,34.80394722222222,5.660333281420339,Building35Upper.csv,-18.958193301011587,0.6732101690484171
IMG_2432.jpg,Photos/Building35Upper/IMG_2432.HEIC,2025:12:26 10:07:41,31.26205277777778,34.803958333333334,5.667217911207225,Building35Upper.csv,-17.90268267620053,2.2167101692312627
IMG_2433.jpg,Photos/Building35Upper/IMG_2433.HEIC,2025:12:26 10:07:43,31.26205277777778,34.803958333333334,5.745223089863661,Building35Upper.csv,-17.90268267620053,2.2167101692312627
IMG_2434.jpg,Photos/Building35Upper/IMG_2434.HEIC,2025:12:26 10:07:46,31.26205277777778,34.803958333333334,5.698176063962689,Building35Upper.csv,-17.90268267620053,2.2167101692312627
IMG_2435.jpg,Photos/Building35Upper/IMG_2435.HEIC,2025:12:26 10:07:49,31.262091666666667,34.803980555555555,8.200467790663678,Building35Upper.csv,-15.791661427253404,6.538510169111518
IMG_2436.jpg,Photos/Building35Upper/IMG_2436.HEIC,2025:12:26 10:07:54,31.26211111111111,34.803977777777774,11.295452042726572,Building35Upper.csv,-16.055539083624915,8.699410169051646
IMG_2437.jpg,Photos/Building35Upper/IMG_2437.HEIC,2025:12:26 10:07:58,31.262119444444444,34.80396944444444,12.419500932421633,Building35Upper.csv,-16.84717205206446,9.62551016908239
IMG_2438.jpg,Photos/Building35Upper/IMG_2438.HEIC,2025:12:26 10:08:00,31.262119444444444,34.80396944444444,12.794106012658228,Building35Upper.csv,-16.84717205206446,9.62551016908239
IMG_2439.jpg,Photos/Building35Upper/IMG_2439.HEIC,2025:12:26 10:08:03,31.262138888888888,34.80396666666666,13.3783014166726,Building35Upper.csv,-17.11104970843597,11.786410169022517
IMG_2440.jpg,Photos/Building35Upper/IMG_2440.HEIC,2025:12:26 10:08:37,31.262133333333335,34.804027777777776,6.440308285163776,Building35Upper.csv,-11.30574127298764,11.169010169265235
IMG_2441.jpg,Photos/Building35Upper/IMG_2441.HEIC,2025:12:26 10:08:41,31.262127777777778,34.804030555555556,6.145382882882883,Building35Upper.csv,-11.04186361661613,10.551610169113133
IMG_2442.jpg,Photos/Building35Upper/IMG_2442.HEIC,2025:12:26 10:08:44,31.262127777777778,34.804030555555556,6.145382882882883,Building35Upper.csv,-11.04186361661613,10.551610169113133
IMG_2443.jpg,Photos/Building35Upper/IMG_2443.HEIC,2025:12:26 10:08:46,31.262127777777778,34.804030555555556,6.145382882882883,Building35Upper.csv,-11.04186361661613,10.551610169113133
IMG_2444.jpg,Photos/Building35Upper/IMG_2444.HEIC,2025:12:26 10:08:52,31.262133333333335,34.80401944444444,6.4265411369633005,Building35Upper.csv,-12.097374241427186,11.169010169265235
IMG_2445.jpg,Photos/Building35Upper/IMG_2445.HEIC,2025:12:26 10:08:55,31.262133333333335,34.80401111111111,6.271900724904779,Building35Upper.csv,-12.889007209866731,11.169010169265235
IMG_2446.jpg,Photos/Building35Upper/IMG_2446.HEIC,2025:12:26 10:09:03,31.262127777777778,34.80399444444444,10.615975195629709,Building35Upper.csv,-14.472273146745824,10.551610169113133
IMG_2447.jpg,Photos/Building35Upper/IMG_2447.HEIC,2025:12:26 10:09:09,31.262158333333332,34.80401666666666,3.0800947516470503,Building35Upper.csv,-12.361251897798697,13.947310168962645
IMG_2448.jpg,Photos/Building35Upper/IMG_2448.HEIC,2025:12:26 10:09:11,31.262158333333332,34.80401666666666,3.0801151552539583,Building35Upper.csv,-12.361251897798697,13.947310168962645
IMG_2449.jpg,Photos/Building35Upper/IMG_2449.HEIC,2025:12:26 10:09:37,31.262202777777777,34.80419444444444,4.748651529343367,Building35Upper.csv,4.526918095128289,18.886510168995002
IMG_2450.jpg,Photos/Building35Upper/IMG_2450.HEIC,2025:12:26 10:09:39,31.262208333333337,34.80418888888889,14.0,Building35Upper.csv,3.9991627830602536,19.503910169541925
IMG_2451.jpg,Photos/Building35Upper/IMG_2451.HEIC,2025:12:26 10:09:41,31.262208333333337,34.80418888888889,14.0,Building35Upper.csv,3.9991627830602536,19.503910169541925
IMG_2452.jpg,Photos/Building35Upper/IMG_2452.HEIC,2025:12:26 10:09:43,31.262208333333337,34.80421111111111,3.562674067582043,Building35Upper.csv,6.11018403200738,19.503910169541925
IMG_2453.jpg,Photos/Building35Upper/IMG_2453.HEIC,2025:12:26 10:09:45,31.262208333333337,34.804205555555555,3.5355339055557087,Building35Upper.csv,5.582428719939345,19.503910169541925
IMG_2454.jpg,Photos/Building35Upper/IMG_2454.HEIC,2025:12:26 10:09:49,31.26221388888889,34.80418888888889,3.5355339055557087,Building35Upper.csv,3.9991627830602536,20.121310169299207
IMG_2455.jpg,Photos/Building35Upper/IMG_2455.HEIC,2025:12:26 10:09:52,31.26221388888889,34.804180555555554,3.5355339055557087,Building35Upper.csv,3.207529814620708,20.121310169299207
IMG_2456.jpg,Photos/Building35Upper/IMG_2456.HEIC,2025:12:26 10:09:53,31.262216666666667,34.804174999999994,3.5355339055557087,Building35Upper.csv,2.679774501877686,20.430010169177848
IMG_2457.jpg,Photos/Building35Upper/IMG_2457.HEIC,2025:12:26 10:10:36,31.26225833333333,34.80438611111111,9.182863871026177,Building35Upper.csv,22.734476368562856,25.060510168936744
IMG_2458.jpg,Photos/Building35Upper/IMG_2458.HEIC,2025:12:26 10:10:39,31.26225833333333,34.80438611111111,9.040650073685937,Building35Upper.csv,22.734476368562856,25.060510168936744
IMG_2459.jpg,Photos/Building35Upper/IMG_2459.HEIC,2025:12:26 10:10:42,31.262302777777776,34.80441944444444,3.5355339055557087,Building35Upper.csv,25.901008242321037,29.999710168969102
IMG_2460.jpg,Photos/Building35Upper/IMG_2460.HEIC,2025:12:26 10:10:45,31.262297222222223,34.80443888888889,3.5355339055557087,Building35Upper.csv,27.74815183557164,29.38231016921182
IMG_2461.jpg,Photos/Building35Upper/IMG_2461.HEIC,2025:12:26 10:10:48,31.262294444444443,34.80444444444444,3.5355339055557087,Building35Upper.csv,28.275907147639675,29.07361016893836
IMG_2462.jpg,Photos/Building35Upper/IMG_2462.HEIC,2025:12:26 10:10:50,31.262294444444443,34.80444444444444,3.5355339055557087,Building35Upper.csv,28.275907147639675,29.07361016893836
IMG_2463.jpg,Photos/Building35Upper/IMG_2463.HEIC,2025:12:26 10:10:55,31.262294444444443,34.80444444444444,3.5355339055557087,Building35Upper.csv,28.275907147639675,29.07361016893836
IMG_2464.jpg,Photos/Building35Upper/IMG_2464.HEIC,2025:12:26 10:11:03,31.262294444444443,34.80443888888889,6.363263802550997,Building35Upper.csv,27.74815183557164,29.07361016893836
IMG_2465.jpg,Photos/Building35Upper/IMG_2465.HEIC,2025:12:26 10:11:07,31.262294444444443,34.804430555555555,10.302617314542356,Building35Upper.csv,26.956518867132093,29.07361016893836
IMG_2466.jpg,Photos/Building35Upper/IMG_2466.HEIC,2025:12:26 10:11:55,31.262077777777776,34.80446666666666,3.5355339055557087,Building35Upper.csv,30.3869283965868,4.995010168928673
IMG_2467.jpg,Photos/Building35Upper/IMG_2467.HEIC,2025:12:26 10:11:57,31.262075,34.804455555555556,3.5355339055557087,Building35Upper.csv,29.33141777245073,4.6863101690500315
IMG_2468.jpg,Photos/Building35Upper/IMG_2468.HEIC,2025:12:26 10:11:59,31.262072222222223,34.80443888888889,3.5355339055557087,Building35Upper.csv,27.74815183557164,4.3776101691713905
IMG_2469.jpg,Photos/Building35Upper/IMG_2469.HEIC,2025:12:26 10:12:02,31.262066666666662,34.804430555555555,4.748651529343367,Building35Upper.csv,26.956518867132093,3.760210168624468
IMG_2470.jpg,Photos/Building35Upper/IMG_2470.HEIC,2025:12:26 10:12:04,31.262066666666662,34.804430555555555,4.748651529343367,Building35Upper.csv,26.956518867132093,3.760210168624468
IMG_2471.jpg,Photos/Building35Upper/IMG_2471.HEIC,2025:12:26 10:12:07,31.26206944444445,34.80438888888889,4.748651529343367,Building35Upper.csv,22.998354024934365,4.06891016968757
IMG_2472.jpg,Photos/Building35Upper/IMG_2472.HEIC,2025:12:26 10:12:09,31.26206944444445,34.80438888888889,4.748651529343367,Building35Upper.csv,22.998354024934365,4.06891016968757
IMG_2473.jpg,Photos/Building35Upper/IMG_2473.HEIC,2025:12:26 10:12:11,31.262080555555556,34.80437777777777,4.748651529343367,Building35Upper.csv,21.94284340012331,5.303710169202134
IMG_2474.jpg,Photos/Building35Upper/IMG_2474.HEIC,2025:12:26 10:12:15,31.262080555555556,34.80437777777777,4.748651529343367,Building35Upper.csv,21.94284340012331,5.303710169202134
IMG_2475.jpg,Photos/Building35Upper/IMG_2475.HEIC,2025:12:26 10:12:17,31.262080555555556,34.80437777777777,4.748651529343367,Building35Upper.csv,21.94284340012331,5.303710169202134
IMG_2476.jpg,Photos/Building35Upper/IMG_2476.HEIC,2025:12:26 10:12:20,31.262097222222224,34.804363888888886,4.606125546923833,Building35Upper.csv,20.623455119615727,7.1559101692636204
IMG_7574.jpg,Photos/Building35Lower/IMG_7574.HEIC,2025:12:26 10:07:22,31.262061111111112,34.80423333333333,4.748651529343367,Building35Lower.csv,8.221205280954507,3.142810169262006
IMG_7575.jpg,Photos/Building35Lower/IMG_7575.HEIC,2025:12:26 10:07:27,31.262061111111112,34.80423333333333,4.748651529343367,Building35Lower.csv,8.221205280954507,3.142810169262006
IMG_7576.jpg,Photos/Building35Lower/IMG_7576.HEIC,2025:12:26 10:07:29,31.262061111111112,34.80423333333333,4.748651529343367,Building35Lower.csv,8.221205280954507,3.142810169262006
IMG_7577.jpg,Photos/Building35Lower/IMG_7577.HEIC,2025:12:26 10:07:32,31.262055555555555,34.80424166666666,5.716366786093941,Building35Lower.csv,9.012838249394052,2.525410169109904
IMG_7578.jpg,Photos/Building35Lower/IMG_7578.HEIC,2025:12:26 10:07:35,31.26206944444445,34.80424166666666,5.665241363789805,Building35Lower.csv,9.012838249394052,4.06891016968757
IMG_7579.jpg,Photos/Building35Lower/IMG_7579.HEIC,2025:12:26 10:07:39,31.262075,34.80424444444444,6.8250984078491275,Building35Lower.csv,9.276715905765563,4.6863101690500315
IMG_7580.jpg,Photos/Building35Lower/IMG_7580.HEIC,2025:12:26 10:07:42,31.262077777777776,34.80424166666666,6.247961131355197,Building35Lower.csv,9.012838249394052,4.995010168928673
IMG_7581.jpg,Photos/Building35Lower/IMG_7581.HEIC,2025:12:26 10:07:45,31.262080555555556,34.80423611111111,6.063979328165375,Building35Lower.csv,8.485082937326018,5.303710169202134
IMG_7582.jpg,Photos/Building35Lower/IMG_7582.HEIC,2025:12:26 10:07:48,31.262075,34.80423611111111,8.049217997183307,Building35Lower.csv,8.485082937326018,4.6863101690500315
IMG_7583.jpg,Photos/Building35Lower/IMG_7583.HEIC,2025:12:26 10:07:50,31.262075,34.80423611111111,8.35657664920059,Building35Lower.csv,8.485082937326018,4.6863101690500315
IMG_7584.jpg,Photos/Building35Lower/IMG_7584.HEIC,2025:12:26 10:09:03,31.261980555555557,34.80416388888889,4.748651529343367,Building35Lower.csv,1.6242638777416163,-5.809489830771966
IMG_7585.jpg,Photos/Building35Lower/IMG_7585.HEIC,2025:12:26 10:09:07,31.261977777777776,34.80416944444444,4.808310455273393,Building35Lower.csv,2.1520191898096512,-6.118189831045427
IMG_7586.jpg,Photos/Building35Lower/IMG_7586.HEIC,2025:12:26 10:09:11,31.26198611111111,34.80417222222222,4.931462710612875,Building35Lower.csv,2.415896846181162,-5.192089831014684
IMG_7587.jpg,Photos/Building35Lower/IMG_7587.HEIC,2025:12:26 10:09:20,31.261991666666667,34.80416388888889,23.398821282760437,Building35Lower.csv,1.6242638777416163,-4.574689830862582
IMG_7588.jpg,Photos/Building35Lower/IMG_7588.HEIC,2025:12:26 10:09:25,31.26201111111111,34.804174999999994,20.76354938069336,Building35Lower.csv,2.679774501877686,-2.413789830922454
IMG_7589.jpg,Photos/Building35Lower/IMG_7589.HEIC,2025:12:26 10:09:28,31.26201111111111,34.80418888888889,18.860206667966462,Building35Lower.csv,3.9991627830602536,-2.413789830922454
IMG_7590.jpg,Photos/Building35Lower/IMG_7590.HEIC,2025:12:26 10:09:32,31.262008333333338,34.80419444444444,17.989870689655174,Building35Lower.csv,4.526918095128289,-2.722489830406275
IMG_7591.jpg,Photos/Building35Lower/IMG_7591.HEIC,2025:12:26 10:09:37,31.262019444444444,34.804199999999994,17.755636224684753,Building35Lower.csv,5.054673407196323,-1.4876898308917106
IMG_7592.jpg,Photos/Building35Lower/IMG_7592.HEIC,2025:12:26 10:09:40,31.26203888888889,34.80421944444444,17.707668652700367,Building35Lower.csv,6.9018170004469255,0.6732101690484171
IMG_7593.jpg,Photos/Building35Lower/IMG_7593.HEIC,2025:12:26 10:09:44,31.262025,34.804224999999995,17.37636722252107,Building35Lower.csv,7.429572312514961,-0.8702898307396083
IMG_7594.jpg,Photos/Building35Lower/IMG_7594.HEIC,2025:12:26 10:09:49,31.262019444444444,34.80422222222222,17.04828090709583,Building35Lower.csv,7.165694656818436,-1.4876898308917106
IMG_7595.jpg,Photos/Building35Lower/IMG_7595.HEIC,2025:12:26 10:10:36,31.262030555555555,34.804116666666665,8.35640574835652,Building35Lower.csv,-2.8616562765241476,-0.2528898309823262
IMG_7596.jpg,Photos/Building35Lower/IMG_7596.HEIC,2025:12:26 10:10:39,31.262030555555555,34.804116666666665,7.97513679562254,Building35Lower.csv,-2.8616562765241476,-0.2528898309823262
IMG_7597.jpg,Photos/Building35Lower/IMG_7597.HEIC,2025:12:26 10:10:42,31.262025,34.804091666666665,7.956462129059777,Building35Lower.csv,-5.2365551818427845,-0.8702898307396083
IMG_7598.jpg,Photos/Building35Lower/IMG_7598.HEIC,2025:12:26 10:10:45,31.262025,34.80408611111111,7.656421898192613,Building35Lower.csv,-5.76431049391082,-0.8702898307396083
IMG_7599.jpg,Photos/Building35Lower/IMG_7599.HEIC,2025:12:26 10:10:50,31.262002777777777,34.80406111111111,7.3751617076326,Building35Lower.csv,-8.139209399229458,-3.3398898309531972
IMG_7600.jpg,Photos/Building35Lower/IMG_7600.HEIC,2025:12:26 10:10:55,31.262,34.80405,7.336781840096425,Building35Lower.csv,-9.194720024040514,-3.6485898308318383
IMG_7601.jpg,Photos/Building35Lower/IMG_7601.HEIC,2025:12:26 10:10:58,31.261997222222224,34.80403611111111,6.833490033847311,Building35Lower.csv,-10.514108304548094,-3.9572898307104794
IMG_7602.jpg,Photos/Building35Lower/IMG_7602.HEIC,2025:12:26 10:11:01,31.261997222222224,34.804030555555556,6.610430839002268,Building35Lower.csv,-11.04186361661613,-3.9572898307104794
IMG_7603.jpg,Photos/Building35Lower/IMG_7603.HEIC,2025:12:26 10:11:04,31.262,34.804030555555556,6.330257753437705,Building35Lower.csv,-11.04186361661613,-3.6485898308318383
IMG_7604.jpg,Photos/Building35Lower/IMG_7604.HEIC,2025:12:26 10:11:08,31.262,34.804027777777776,6.829948632182535,Building35Lower.csv,-11.30574127298764,-3.6485898308318383
IMG_7605.jpg,Photos/Building35Lower/IMG_7605.HEIC,2025:12:26 10:11:55,31.262097222222224,34.80405833333333,9.961379716981131,Building35Lower.csv,-8.403087055600968,7.1559101692636204
IMG_7606.jpg,Photos/Building35Lower/IMG_7606.HEIC,2025:12:26 10:11:58,31.262097222222224,34.80405555555555,9.917782228312428,Building35Lower.csv,-8.66696471197248,7.1559101692636204
IMG_7607.jpg,Photos/Building35Lower/IMG_7607.HEIC,2025:12:26 10:12:01,31.262094444444443,34.804047222222216,9.449177236887213,Building35Lower.csv,-9.458597680412025,6.847210168990159
IMG_7608.jpg,Photos/Building35Lower/IMG_7608.HEIC,2025:12:26 10:12:04,31.262091666666667,34.80404166666666,9.167244498040398,Building35Lower.csv,-9.98635299248006,6.538510169111518
IMG_7609.jpg,Photos/Building35Lower/IMG_7609.HEIC,2025:12:26 10:12:07,31.26208888888889,34.80403888888888,9.06815462838343,Building35Lower.csv,-10.25023064885157,6.229810169232877
IMG_7610.jpg,Photos/Building35Lower/IMG_7610.HEIC,2025:12:26 10:12:09,31.262091666666667,34.804027777777776,9.01804146844987,Building35Lower.csv,-11.30574127298764,6.538510169111518
IMG_7611.jpg,Photos/Building35Lower/IMG_7611.HEIC,2025:12:26 10:12:12,31.26208888888889,34.804030555555556,8.973890970627341,Building35Lower.csv,-11.04186361661613,6.229810169232877
IMG_7612.jpg,Photos/Building35Lower/IMG_7612.HEIC,2025:12:26 10:12:15,31.26208888888889,34.804030555555556,8.881932630146308,Building35Lower.csv,-11.04186361661613,6.229810169232877
IMG_7613.jpg,Photos/Building35Lower/IMG_7613.HEIC,2025:12:26 10:12:18,31.26208888888889,34.804027777777776,8.926502274359589,Building35Lower.csv,-11.30574127298764,6.229810169232877
IMG_7614.jpg,Photos/Building35Lower/IMG_7614.HEIC,2025:12:26 10:12:20,31.262083333333333,34.80403888888888,8.778637958146849,Building35Lower.csv,-10.25023064885157,5.612410169080775
IMG_7615.jpg,Photos/Building35Lower/IMG_7615.HEIC,2025:12:26 10:12:23,31.262083333333333,34.80403888888888,8.587965700768775,Building35Lower.csv,-10.25023064885157,5.612410169080775
IMG_7616.jpg,Photos/Building35Lower/IMG_7616.HEIC,2025:12:26 10:12:25,31.262083333333333,34.80404166666666,8.294078082484942,Building35Lower.csv,-9.98635299248006,5.612410169080775
IMG_7617.jpg,Photos/Building35Lower/IMG_7617.HEIC,2025:12:26 10:13:30,31.26203888888889,34.80421388888889,9.358654606129797,Building35Lower.csv,6.374061688378891,0.6732101690484171
IMG_7618.jpg,Photos/Building35Lower/IMG_7618.HEIC,2025:12:26 10:13:32,31.26203888888889,34.80421388888889,9.229406374096325,Building35Lower.csv,6.374061688378891,0.6732101690484171
IMG_7619.jpg,Photos/Building35Lower/IMG_7619.HEIC,2025:12:26 10:13:34,31.262041666666665,34.80421944444444,9.123233307804776,Building35Lower.csv,6.9018170004469255,0.9819101689270582
IMG_7620.jpg,Photos/Building35Lower/IMG_7620.HEIC,2025:12:26 10:13:36,31.262041666666665,34.80421944444444,9.320878581508069,Building35Lower.csv,6.9018170004469255,0.9819101689270582
IMG_7621.jpg,Photos/Building35Lower/IMG_7621.HEIC,2025:12:26 10:13:37,31.262044444444445,34.80419444444444,9.451871829448404,Building35Lower.csv,4.526918095128289,1.2906101692005194
IMG_7622.jpg,Photos/Building35Lower/IMG_7622.HEIC,2025:12:26 10:13:39,31.262041666666665,34.80419166666666,9.716110560510955,Building35Lower.csv,4.263040438756778,0.9819101689270582
IMG_7623.jpg,Photos/Building35Lower/IMG_7623.HEIC,2025:12:26 10:13:40,31.262041666666665,34.80418333333333,9.88065697743117,Building35Lower.csv,3.471407470317232,0.9819101689270582
IMG_7624.jpg,Photos/Building35Lower/IMG_7624.HEIC,2025:12:26 10:13:42,31.26205,34.80417222222222,10.0837638198233,Building35Lower.csv,2.415896846181162,1.9080101689578015
IMG_7625.jpg,Photos/Building35Lower/IMG_7625.HEIC,2025:12:26 10:13:44,31.262047222222225,34.80416944444444,10.057740145426711,Building35Lower.csv,2.1520191898096512,1.5993101694739806
IMG_7626.jpg,Photos/Building35Lower/IMG_7626.HEIC,2025:12:26 10:13:45,31.262047222222225,34.80416388888889,10.35851276620779,Building35Lower.csv,1.6242638777416163,1.5993101694739806
IMG_7627.jpg,Photos/Building35Lower/IMG_7627.HEIC,2025:12:26 10:13:47,31.262047222222225,34.80416388888889,10.287839980485424,Building35Lower.csv,1.6242638777416163,1.5993101694739806
IMG_7628.jpg,Photos/Building35Lower/IMG_7628.HEIC,2025:12:26 10:13:48,31.262047222222225,34.80416388888889,10.324544751458903,Building35Lower.csv,1.6242638777416163,1.5993101694739806
IMG_7629.jpg,Photos/Building35Lower/IMG_7629.HEIC,2025:12:26 10:13:49,31.262058333333332,34.80416111111111,10.377136514983352,Building35Lower.csv,1.3603862213701055,2.834110168988545
IMG_7630.jpg,Photos/Building35Lower/IMG_7630.HEIC,2025:12:26 10:13:51,31.262058333333332,34.80416111111111,10.6671293272371,Building35Lower.csv,1.3603862213701055,2.834110168988545
IMG_7631.jpg,Photos/Building35Lower/IMG_7631.HEIC,2025:12:26 10:13:52,31.262058333333332,34.80416111111111,10.706837654701236,Building35Lower.csv,1.3603862213701055,2.834110168988545
IMG_2478.jpg,Photos/Building35Randoms/IMG_2478.HEIC,2025:12:26 10:13:30,31.262158333333332,34.804230555555556,13.191902117040971,Building35Randoms.csv,7.9573276252579825,13.947310168962645
IMG_2479.jpg,Photos/Building35Randoms/IMG_2479.HEIC,2025:12:26 10:13:35,31.262066666666662,34.80428611111111,3.5018990346573826,Building35Randoms.csv,13.234880747963292,3.760210168624468
IMG_2480.jpg,Photos/Building35Randoms/IMG_2480.HEIC,2025:12:26 10:13:39,31.262061111111112,34.804291666666664,3.519617124224256,Building35Randoms.csv,13.762636060031326,3.142810169262006
IMG_2481.jpg,Photos/Building35Randoms/IMG_2481.HEIC,2025:12:26 10:13:47,31.262083333333333,34.80430277777778,3.808563102443398,Building35Randoms.csv,14.818146684842384,5.612410169080775
IMG_2482.jpg,Photos/Building35Randoms/IMG_2482.HEIC,2025:12:26 10:13:55,31.262091666666667,34.804313888888885,6.020387488919843,Building35Randoms.csv,15.873657308978453,6.538510169111518
IMG_2483.jpg,Photos/Building35Randoms/IMG_2483.HEIC,2025:12:26 10:14:20,31.261894444444444,34.80435555555555,8.300910551687199,Building35Randoms.csv,19.831822151176183,-15.37918983095804
IMG_2484.jpg,Photos/Building35Randoms/IMG_2484.HEIC,2025:12:26 10:14:23,31.261916666666668,34.804341666666666,3.5355339055557087,Building35Randoms.csv,18.512433870668602,-12.909589830744451
IMG_2485.jpg,Photos/Building35Randoms/IMG_2485.HEIC,2025:12:26 10:14:30,31.261916666666668,34.80433333333333,3.5355339055557087,Building35Randoms.csv,17.720800902229055,-12.909589830744451
IMG_2486.jpg,Photos/Building35Randoms/IMG_2486.HEIC,2025:12:26 10:14:34,31.26191111111111,34.80432222222222,3.5862021764424066,Building35Randoms.csv,16.665290277418,-13.526989830896554
IMG_2487.jpg,Photos/Building35Randoms/IMG_2487.HEIC,2025:12:26 10:14:55,31.261830555555555,34.80421944444444,4.748651529343367,Building35Randoms.csv,6.9018170004469255,-22.479289830930526
IMG_2488.jpg,Photos/Building35Randoms/IMG_2488.HEIC,2025:12:26 10:15:03,31.26182777777778,34.80421388888889,4.748651529343367,Building35Randoms.csv,6.374061688378891,-22.787989830809167
IMG_2489.jpg,Photos/Building35Randoms/IMG_2489.HEIC,2025:12:26 10:15:27,31.26185277777778,34.804199999999994,7.024657448734355,Building35Randoms.csv,5.054673407196323,-20.009689830716937
IMG_2490.jpg,Photos/Building35Randoms/IMG_2490.HEIC,2025:12:26 10:15:55,31.261866666666663,34.803958333333334,9.3214615892582,Building35Randoms.csv,-17.90268267620053,-18.46618983132373
IMG_2491.jpg,Photos/Building35Randoms/IMG_2491.HEIC,2025:12:26 10:15:57,31.261861111111113,34.80410833333333,10.58402109124255,Building35Randoms.csv,-3.6532892449636933,-19.083589830686194
IMG_2492.jpg,Photos/Building35Randoms/IMG_2492.HEIC,2025:12:26 10:16:02,31.261861111111113,34.80410833333333,10.58402109124255,Building35Randoms.csv,-3.6532892449636933,-19.083589830686194
IMG_2493.jpg,Photos/Building35Randoms/IMG_2493.HEIC,2025:12:26 10:16:06,31.261861111111113,34.80410833333333,10.58402109124255,Building35Randoms.csv,-3.6532892449636933,-19.083589830686194
IMG_2494.jpg,Photos/Building35Randoms/IMG_2494.HEIC,2025:12:26 10:16:28,31.26200555555555,34.804116666666665,4.421909572913623,Building35Randoms.csv,-2.8616562765241476,-3.0311898314693764
IMG_2495.jpg,Photos/Building35Randoms/IMG_2495.HEIC,2025:12:26 10:16:32,31.26200555555555,34.804116666666665,3.5257297062563975,Building35Randoms.csv,-2.8616562765241476,-3.0311898314693764
IMG_2496.jpg,Photos/Building35Randoms/IMG_2496.HEIC,2025:12:26 10:16:38,31.26196388888889,34.80408055555555,2.866776156893054,Building35Randoms.csv,-6.2920658066538415,-7.661689830833453
IMG_2497.jpg,Photos/Building35Randoms/IMG_2497.HEIC,2025:12:26 10:16:52,31.261927777777775,34.80398611111111,3.520288514888108,Building35Randoms.csv,-15.26390611518537,-11.674789831229887
IMG_2498.jpg,Photos/Building35Randoms/IMG_2498.HEIC,2025:12:26 10:16:55,31.26195,34.80398888888889,20.68114280254169,Building35Randoms.csv,-15.000028458813858,-9.205189831016298
IMG_2499.jpg,Photos/Building35Randoms/IMG_2499.HEIC,2025:12:26 10:17:00,31.261944444444445,34.803977777777774,11.56323235830223,Building35Randoms.csv,-16.055539083624915,-9.82258983077358
IMG_2500.jpg,Photos/Building35Randoms/IMG_2500.HEIC,2025:12:26 10:17:03,31.261927777777775,34.80399444444444,8.950404300284848,Building35Randoms.csv,-14.472273146745824,-11.674789831229887
IMG_2501.jpg,Photos/Building35Randoms/IMG_2501.HEIC,2025:12:26 10:17:19,31.261983333333333,34.80398888888889,20.04330782154191,Building35Randoms.csv,-15.000028458813858,-5.500789830893325
IMG_2502.jpg,Photos/Building35Randoms/IMG_2502.HEIC,2025:12:26 10:17:59,31.26189722222222,34.803977777777774,12.150324799388612,Building35Randoms.csv,-16.055539083624915,-15.0704898310794
IMG_2503.jpg,Photos/Building35Randoms/IMG_2503.HEIC,2025:12:26 10:18:03,31.26189722222222,34.803977777777774,12.150324799388612,Building35Randoms.csv,-16.055539083624915,-15.0704898310794
IMG_2504.jpg,Photos/Building35Randoms/IMG_2504.HEIC,2025:12:26 10:18:13,31.262083333333333,34.80393888888889,6.553149781698298,Building35Randoms.csv,-19.749826269451134,5.612410169080775
IMG_2505.jpg,Photos/Building35Randoms/IMG_2505.HEIC,2025:12:26 10:18:27,31.262127777777778,34.80396666666666,3.6336719751052535,Building35Randoms.csv,-17.11104970843597,10.551610169113133
IMG_2506.jpg,Photos/Building35Randoms/IMG_2506.HEIC,2025:12:26 10:18:36,31.26215277777778,34.80399722222222,4.488742732721273,Building35Randoms.csv,-14.208395490374313,13.329910169205363
IMG_2507.jpg,Photos/Building35Randoms/IMG_2507.HEIC,2025:12:26 10:18:46,31.26217777777778,34.80405555555555,5.357502370705376,Building35Randoms.csv,-8.66696471197248,16.108210169297593
IMG_2508.jpg,Photos/Building35Randoms/IMG_2508.HEIC,2025:12:26 10:18:49,31.262194444444443,34.80405,5.593847179031542,Building35Randoms.csv,-9.194720024040514,17.96041016896426
IMG_2509.jpg,Photos/Building35Randoms/IMG_2509.HEIC,2025:12:26 10:18:52,31.262197222222223,34.80405,6.606679389312977,Building35Randoms.csv,-9.194720024040514,18.26911016923772
IMG_2510.jpg,Photos/Building35Randoms/IMG_2510.HEIC,2025:12:26 10:18:55,31.262205555555557,34.80405555555555,11.903998242530756,Building35Randoms.csv,-8.66696471197248,19.195210169268464
IMG_2511.jpg,Photos/Building35Randoms/IMG_2511.HEIC,2025:12:26 10:19:08,31.26217777777778,34.804138888888886,10.451655950503458,Building35Randoms.csv,-0.7506350275770209,16.108210169297593
IMG_2512.jpg,Photos/Building35Randoms/IMG_2512.HEIC,2025:12:26 10:19:10,31.262180555555556,34.804138888888886,10.302205177372963,Building35Randoms.csv,-0.7506350275770209,16.416910169176234
IMG_2513.jpg,Photos/Building35Randoms/IMG_2513.HEIC,2025:12:26 10:19:14,31.26218611111111,34.80413055555555,8.665009116525775,Building35Randoms.csv,-1.5422679960165668,17.034310168933516
IMG_2514.jpg,Photos/Building35Randoms/IMG_2514.HEIC,2025:12:26 10:19:27,31.26218611111111,34.80412777777777,25.04052958659822,Building35Randoms.csv,-1.8061456523880777,17.034310168933516
IMG_2515.jpg,Photos/Building35Randoms/IMG_2515.HEIC,2025:12:26 10:19:49,31.262180555555556,34.80423333333333,10.56478935698448,Building35Randoms.csv,8.221205280954507,16.416910169176234
IMG_2516.jpg,Photos/Building35Randoms/IMG_2516.HEIC,2025:12:26 10:19:53,31.262191666666663,34.80427222222222,14.967922497308937,Building35Randoms.csv,11.915492466780725,17.651710168690798
IMG_2517.jpg,Photos/Building35Randoms/IMG_2517.HEIC,2025:12:26 10:20:07,31.262133333333335,34.804291666666664,9.982553099263113,Building35Randoms.csv,13.762636060031326,11.169010169265235
IMG_2518.jpg,Photos/Building35Randoms/IMG_2518.HEIC,2025:12:26 10:20:13,31.26214722222222,34.804375,7.915656479426327,Building35Randoms.csv,21.678965744426783,12.71251016905326
IMG_2519.jpg,Photos/Building35Randoms/IMG_2519.HEIC,2025:12:26 10:20:26,31.262158333333332,34.80439722222222,11.674884488448845,Building35Randoms.csv,23.789986993373912,13.947310168962645
IMG_2520.jpg,Photos/Building35Randoms/IMG_2520.HEIC,2025:12:26 10:20:30,31.26218611111111,34.804402777777774,14.24644473173885,Building35Randoms.csv,24.317742305441946,17.034310168933516
IMG_2521.jpg,Photos/Building35Randoms/IMG_2521.HEIC,2025:12:26 10:20:34,31.26215,34.80434722222222,8.043419099455715,Building35Randoms.csv,19.040189182736636,13.021210168931901
IMG_2522.jpg,Photos/Building35Randoms/IMG_2522.HEIC,2025:12:26 10:20:56,31.262047222222225,34.804275,8.204127791914052,Building35Randoms.csv,12.179370123152236,1.5993101694739806
IMG_2523.jpg,Photos/Building35Randoms/IMG_2523.HEIC,2025:12:26 10:20:58,31.262047222222225,34.804275,8.204127791914052,Building35Randoms.csv,12.179370123152236,1.5993101694739806
IMG_2524.jpg,Photos/Building35Randoms/IMG_2524.HEIC,2025:12:26 10:21:00,31.26198888888889,34.80429722222222,15.062287847929396,Building35Randoms.csv,14.290391372099362,-4.883389830741223
IMG_2525.jpg,Photos/Building35Randoms/IMG_2525.HEIC,2025:12:26 10:21:07,31.261969444444443,34.80426666666666,14.292940876656472,Building35Randoms.csv,11.38773715471269,-7.044289831076171
IMG_7633.jpg,Photos/Building35Randoms/IMG_7633.HEIC,2025:12:26 10:14:25,31.261994444444444,34.804199999999994,12.277309562398704,Building35Randoms.csv,5.054673407196323,-4.265989830983941
IMG_7634.jpg,Photos/Building35Randoms/IMG_7634.HEIC,2025:12:26 10:14:26,31.261994444444444,34.804199999999994,12.356921848487874,Building35Randoms.csv,5.054673407196323,-4.265989830983941
IMG_7635.jpg,Photos/Building35Randoms/IMG_7635.HEIC,2025:12:26 10:14:27,31.261994444444444,34.804199999999994,12.561338565188422,Building35Randoms.csv,5.054673407196323,-4.265989830983941
IMG_7636.jpg,Photos/Building35Randoms/IMG_7636.HEIC,2025:12:26 10:14:28,31.261991666666667,34.804202777777775,12.984508001361936,Building35Randoms.csv,5.318551063567834,-4.574689830862582
IMG_7638.jpg,Photos/Building35Randoms/IMG_7638.HEIC,2025:12:26 10:14:30,31.261994444444444,34.804199999999994,13.175170286595554,Building35Randoms.csv,5.054673407196323,-4.265989830983941
IMG_7639.jpg,Photos/Building35Randoms/IMG_7639.HEIC,2025:12:26 10:14:31,31.261994444444444,34.804202777777775,13.124572930354796,Building35Randoms.csv,5.318551063567834,-4.265989830983941
IMG_7640.jpg,Photos/Building35Randoms/IMG_7640.HEIC,2025:12:26 10:14:32,31.261994444444444,34.804199999999994,11.850247399777846,Building35Randoms.csv,5.054673407196323,-4.265989830983941
IMG_7641.jpg,Photos/Building35Randoms/IMG_7641.HEIC,2025:12:26 10:14:33,31.261994444444444,34.804199999999994,11.699976724338583,Building35Randoms.csv,5.054673407196323,-4.265989830983941
IMG_7642.jpg,Photos/Building35Randoms/IMG_7642.HEIC,2025:12:26 10:14:34,31.261997222222224,34.804202777777775,12.084901902200976,Building35Randoms.csv,5.318551063567834,-3.9572898307104794
IMG_7643.jpg,Photos/Building35Randoms/IMG_7643.HEIC,2025:12:26 10:14:36,31.261997222222224,34.804202777777775,12.059459382273564,Building35Randoms.csv,5.318551063567834,-3.9572898307104794
IMG_7644.jpg,Photos/Building35Randoms/IMG_7644.HEIC,2025:12:26 10:14:37,31.261994444444444,34.804205555555555,12.116240451677184,Building35Randoms.csv,5.582428719939345,-4.265989830983941
IMG_7645.jpg,Photos/Building35Randoms/IMG_7645.HEIC,2025:12:26 10:14:38,31.261994444444444,34.80421111111111,11.77534265636958,Building35Randoms.csv,6.11018403200738,-4.265989830983941
IMG_7646.jpg,Photos/Building35Randoms/IMG_7646.HEIC,2025:12:26 10:14:39,31.261994444444444,34.80421111111111,11.999382182132708,Building35Randoms.csv,6.11018403200738,-4.265989830983941
IMG_7647.jpg,Photos/Building35Randoms/IMG_7647.HEIC,2025:12:26 10:14:40,31.261994444444444,34.80421111111111,11.999382182132708,Building35Randoms.csv,6.11018403200738,-4.265989830983941
IMG_7648.jpg,Photos/Building35Randoms/IMG_7648.HEIC,2025:12:26 10:14:41,31.261994444444444,34.80421111111111,11.7259756609316,Building35Randoms.csv,6.11018403200738,-4.265989830983941
IMG_7649.jpg,Photos/Building35Randoms/IMG_7649.HEIC,2025:12:26 10:15:23,31.2621,34.80414444444444,9.75097908815488,Building35Randoms.csv,-0.22287971550898608,7.4646101691422615
IMG_7650.jpg,Photos/Building35Randoms/IMG_7650.HEIC,2025:12:26 10:15:25,31.2621,34.80414444444444,9.631050315668643,Building35Randoms.csv,-0.22287971550898608,7.4646101691422615
IMG_7651.jpg,Photos/Building35Randoms/IMG_7651.HEIC,2025:12:26 10:15:26,31.2621,34.804141666666666,9.393475572047,Building35Randoms.csv,-0.4867573712055101,7.4646101691422615
IMG_7652.jpg,Photos/Building35Randoms/IMG_7652.HEIC,2025:12:26 10:15:27,31.262102777777777,34.804141666666666,9.270363618919696,Building35Randoms.csv,-0.4867573712055101,7.7733101690209025
IMG_7653.jpg,Photos/Building35Randoms/IMG_7653.HEIC,2025:12:26 10:15:27,31.262102777777777,34.804141666666666,9.260734917515336,Building35Randoms.csv,-0.4867573712055101,7.7733101690209025
IMG_7654.jpg,Photos/Building35Randoms/IMG_7654.HEIC,2025:12:26 10:15:28,31.262102777777777,34.804141666666666,9.116939761876695,Building35Randoms.csv,-0.4867573712055101,7.7733101690209025
IMG_7655.jpg,Photos/Building35Randoms/IMG_7655.HEIC,2025:12:26 10:15:29,31.262102777777777,34.804141666666666,8.922505556205405,Building35Randoms.csv,-0.4867573712055101,7.7733101690209025
IMG_7656.jpg,Photos/Building35Randoms/IMG_7656.HEIC,2025:12:26 10:15:30,31.262102777777777,34.804141666666666,8.8231606730452,Building35Randoms.csv,-0.4867573712055101,7.7733101690209025
IMG_7657.jpg,Photos/Building35Randoms/IMG_7657.HEIC,2025:12:26 10:15:31,31.262102777777777,34.804141666666666,8.816749854151812,Building35Randoms.csv,-0.4867573712055101,7.7733101690209025
IMG_7658.jpg,Photos/Building35Randoms/IMG_7658.HEIC,2025:12:26 10:15:33,31.262102777777777,34.804141666666666,8.76518918918919,Building35Randoms.csv,-0.4867573712055101,7.7733101690209025
IMG_7659.jpg,Photos/Building35Randoms/IMG_7659.HEIC,2025:12:26 10:15:34,31.262102777777777,34.804141666666666,8.662598736176935,Building35Randoms.csv,-0.4867573712055101,7.7733101690209025
IMG_7660.jpg,Photos/Building35Randoms/IMG_7660.HEIC,2025:12:26 10:15:35,31.262102777777777,34.804141666666666,8.518306812915187,Building35Randoms.csv,-0.4867573712055101,7.7733101690209025
IMG_7661.jpg,Photos/Building35Randoms/IMG_7661.HEIC,2025:12:26 10:15:36,31.262116666666667,34.80412777777777,8.58909269570914,Building35Randoms.csv,-1.8061456523880777,9.316810169203748
IMG_7662.jpg,Photos/Building35Randoms/IMG_7662.HEIC,2025:12:26 10:15:37,31.262116666666667,34.80412777777777,8.317369894757169,Building35Randoms.csv,-1.8061456523880777,9.316810169203748
IMG_7663.jpg,Photos/Building35Randoms/IMG_7663.HEIC,2025:12:26 10:15:38,31.262116666666667,34.80412777777777,8.298401743552489,Building35Randoms.csv,-1.8061456523880777,9.316810169203748
IMG_7664.jpg,Photos/Building35Randoms/IMG_7664.HEIC,2025:12:26 10:15:39,31.262116666666667,34.80412777777777,8.194411068007827,Building35Randoms.csv,-1.8061456523880777,9.316810169203748
IMG_7665.jpg,Photos/Building35Randoms/IMG_7665.HEIC,2025:12:26 10:15:41,31.262116666666667,34.80412777777777,8.13299078132084,Building35Randoms.csv,-1.8061456523880777,9.316810169203748
IMG_7666.jpg,Photos/Building35Randoms/IMG_7666.HEIC,2025:12:26 10:15:42,31.262116666666667,34.80412777777777,8.061470858081028,Building35Randoms.csv,-1.8061456523880777,9.316810169203748
IMG_7667.jpg,Photos/Building35Randoms/IMG_7667.HEIC,2025:12:26 10:15:43,31.262116666666667,34.80412777777777,8.385527462946818,Building35Randoms.csv,-1.8061456523880777,9.316810169203748
IMG_7668.jpg,Photos/Building35Randoms/IMG_7668.HEIC,2025:12:26 10:15:45,31.262116666666667,34.80412777777777,8.301893156807353,Building35Randoms.csv,-1.8061456523880777,9.316810169203748
IMG_7669.jpg,Photos/Building35Randoms/IMG_7669.HEIC,2025:12:26 10:15:46,31.262119444444444,34.804111111111105,8.350404437254449,Building35Randoms.csv,-3.3894115892671692,9.62551016908239
IMG_7670.jpg,Photos/Building35Randoms/IMG_7670.HEIC,2025:12:26 10:15:47,31.262119444444444,34.804111111111105,8.077091198092589,Building35Randoms.csv,-3.3894115892671692,9.62551016908239
IMG_7671.jpg,Photos/Building35Randoms/IMG_7671.HEIC,2025:12:26 10:15:49,31.262119444444444,34.804111111111105,7.997137664697864,Building35Randoms.csv,-3.3894115892671692,9.62551016908239
IMG_7672.jpg,Photos/Building35Randoms/IMG_7672.HEIC,2025:12:26 10:15:51,31.262116666666667,34.804116666666665,7.865588485645748,Building35Randoms.csv,-2.8616562765241476,9.316810169203748
IMG_7673.jpg,Photos/Building35Randoms/IMG_7673.HEIC,2025:12:26 10:15:52,31.262116666666667,34.804116666666665,7.869094977623073,Building35Randoms.csv,-2.8616562765241476,9.316810169203748
IMG_7674.jpg,Photos/Building35Randoms/IMG_7674.HEIC,2025:12:26 10:16:33,31.261927777777775,34.804030555555556,6.555017806593005,Building35Randoms.csv,-11.04186361661613,-11.674789831229887
IMG_7675.jpg,Photos/Building35Randoms/IMG_7675.HEIC,2025:12:26 10:16:34,31.261927777777775,34.804030555555556,6.45876584424391,Building35Randoms.csv,-11.04186361661613,-11.674789831229887
IMG_7676.jpg,Photos/Building35Randoms/IMG_7676.HEIC,2025:12:26 10:16:35,31.261927777777775,34.804030555555556,6.28838460024923,Building35Randoms.csv,-11.04186361661613,-11.674789831229887
IMG_7677.jpg,Photos/Building35Randoms/IMG_7677.HEIC,2025:12:26 10:16:36,31.261927777777775,34.804030555555556,6.253305406466815,Building35Randoms.csv,-11.04186361661613,-11.674789831229887
IMG_7678.jpg,Photos/Building35Randoms/IMG_7678.HEIC,2025:12:26 10:16:37,31.261927777777775,34.804030555555556,6.141877672934628,Building35Randoms.csv,-11.04186361661613,-11.674789831229887
IMG_7679.jpg,Photos/Building35Randoms/IMG_7679.HEIC,2025:12:26 10:16:39,31.261927777777775,34.804030555555556,6.221954434193184,Building35Randoms.csv,-11.04186361661613,-11.674789831229887
IMG_7680.jpg,Photos/Building35Randoms/IMG_7680.HEIC,2025:12:26 10:17:03,31.261930555555555,34.80409722222222,6.197279362972794,Building35Randoms.csv,-4.70879986977475,-11.366089830956426
IMG_7681.jpg,Photos/Building35Randoms/IMG_7681.HEIC,2025:12:26 10:17:05,31.261936111111112,34.804091666666665,6.23658709524935,Building35Randoms.csv,-5.2365551818427845,-10.748689830804324
IMG_7682.jpg,Photos/Building35Randoms/IMG_7682.HEIC,2025:12:26 10:17:10,31.26193333333333,34.80408055555555,6.285138162808066,Building35Randoms.csv,-6.2920658066538415,-11.057389831077785
IMG_7683.jpg,Photos/Building35Randoms/IMG_7683.HEIC,2025:12:26 10:17:11,31.26193333333333,34.80408055555555,6.285138162808066,Building35Randoms.csv,-6.2920658066538415,-11.057389831077785
IMG_7684.jpg,Photos/Building35Randoms/IMG_7684.HEIC,2025:12:26 10:17:21,31.261877777777777,34.80401666666666,7.678551117721685,Building35Randoms.csv,-12.361251897798697,-17.231389831019527
IMG_2271.jpg,Photos/Building35First/IMG_2271.HEIC,2025:12:24 13:35:16,31.261802777777778,34.80423333333333,12.109097098119308,Building35First.csv,8.221205280954507,-25.566289830901397
IMG_2272.jpg,Photos/Building35First/IMG_2272.HEIC,2025:12:24 13:36:43,31.261872222222223,34.80424444444444,10.2725686472587,Building35First.csv,9.276715905765563,-17.84878983077681
IMG_2273.jpg,Photos/Building35First/IMG_2273.HEIC,2025:12:24 13:36:53,31.261880555555557,34.804249999999996,9.873658757745202,Building35First.csv,9.804471217833598,-16.922689830746066
IMG_2274.jpg,Photos/Building35First/IMG_2274.HEIC,2025:12:24 13:36:56,31.26188611111111,34.804249999999996,11.294882434301522,Building35First.csv,9.804471217833598,-16.305289830988784
IMG_2275.jpg,Photos/Building35First/IMG_2275.HEIC,2025:12:24 13:37:02,31.261872222222223,34.804249999999996,7.394778426657506,Building35First.csv,9.804471217833598,-17.84878983077681
IMG_2276.jpg,Photos/Building35First/IMG_2276.HEIC,2025:12:24 13:37:09,31.26185277777778,34.804252777777776,5.1913587604290825,Building35First.csv,10.068348874205109,-20.009689830716937
IMG_2277.jpg,Photos/Building35First/IMG_2277.HEIC,2025:12:24 13:37:11,31.26185277777778,34.804252777777776,4.7337823834196895,Building35First.csv,10.068348874205109,-20.009689830716937
IMG_2278.jpg,Photos/Building35First/IMG_2278.HEIC,2025:12:24 13:37:14,31.261847222222222,34.804252777777776,4.733773500447628,Building35First.csv,10.068348874205109,-20.62708983086904
IMG_2279.jpg,Photos/Building35First/IMG_2279.HEIC,2025:12:24 13:37:40,31.261855555555556,34.80424166666666,4.733768838461979,Building35First.csv,9.012838249394052,-19.700989830838296
IMG_2280.jpg,Photos/Building35First/IMG_2280.HEIC,2025:12:24 13:37:53,31.261858333333333,34.80421944444444,3.500239148630874,Building35First.csv,6.9018170004469255,-19.392289830959655
IMG_2281.jpg,Photos/Building35First/IMG_2281.HEIC,2025:12:24 13:37:57,31.261858333333333,34.80421944444444,4.734215149323138,Building35First.csv,6.9018170004469255,-19.392289830959655
IMG_2282.jpg,Photos/Building35First/IMG_2282.HEIC,2025:12:24 13:38:25,31.261861111111113,34.80408055555555,4.008732801407301,Building35First.csv,-6.2920658066538415,-19.083589830686194
IMG_2283.jpg,Photos/Building35First/IMG_2283.HEIC,2025:12:24 13:38:26,31.261855555555556,34.80414444444444,11.296725440806044,Building35First.csv,-0.22287971550898608,-19.700989830838296
IMG_2284.jpg,Photos/Building35First/IMG_2284.HEIC,2025:12:24 13:38:28,31.26185277777778,34.80414444444444,11.296598451327434,Building35First.csv,-0.22287971550898608,-20.009689830716937
IMG_2286.jpg,Photos/Building35First/IMG_2286.HEIC,2025:12:24 13:38:34,31.26183888888889,34.804069444444444,5.272449401073937,Building35First.csv,-7.347576430789911,-21.553189830899782
IMG_2287.jpg,Photos/Building35First/IMG_2287.HEIC,2025:12:24 13:38:37,31.26183888888889,34.804069444444444,5.272449401073937,Building35First.csv,-7.347576430789911,-21.553189830899782
IMG_2288.jpg,Photos/Building35First/IMG_2288.HEIC,2025:12:24 13:38:38,31.26183888888889,34.804069444444444,5.272449401073937,Building35First.csv,-7.347576430789911,-21.553189830899782
IMG_2289.jpg,Photos/Building35First/IMG_2289.HEIC,2025:12:24 13:38:40,31.261836111111112,34.804069444444444,5.282219759341356,Building35First.csv,-7.347576430789911,-21.861889830778424
IMG_2290.jpg,Photos/Building35First/IMG_2290.HEIC,2025:12:24 13:38:42,31.261836111111112,34.804069444444444,9.147896253602305,Building35First.csv,-7.347576430789911,-21.861889830778424
IMG_2291.jpg,Photos/Building35First/IMG_2291.HEIC,2025:12:24 13:38:43,31.261836111111112,34.804069444444444,9.147896253602305,Building35First.csv,-7.347576430789911,-21.861889830778424
IMG_2292.jpg,Photos/Building35First/IMG_2292.HEIC,2025:12:24 13:38:45,31.261833333333332,34.8041,10.009642910953744,Building35First.csv,-4.444922213403239,-22.170589831051885
IMG_2293.jpg,Photos/Building35First/IMG_2293.HEIC,2025:12:24 13:38:47,31.261833333333332,34.8041,10.009642910953744,Building35First.csv,-4.444922213403239,-22.170589831051885
IMG_2294.jpg,Photos/Building35First/IMG_2294.HEIC,2025:12:24 13:38:52,31.261830555555555,34.804138888888886,13.521601557746136,Building35First.csv,-0.7506350275770209,-22.479289830930526
IMG_2295.jpg,Photos/Building35First/IMG_2295.HEIC,2025:12:24 13:41:15,31.26193888888889,34.804116666666665,6.636149764741216,Building35First.csv,-2.8616562765241476,-10.439989830925683
IMG_2296.jpg,Photos/Building35First/IMG_2296.HEIC,2025:12:24 13:41:40,31.26188611111111,34.80398611111111,4.577979981801638,Building35First.csv,-15.26390611518537,-16.305289830988784
IMG_2297.jpg,Photos/Building35First/IMG_2297.HEIC,2025:12:24 13:41:44,31.261877777777777,34.803974999999994,3.4912545714740024,Building35First.csv,-16.319416739996427,-17.231389831019527
IMG_2298.jpg,Photos/Building35First/IMG_2298.HEIC,2025:12:24 13:41:51,31.261908333333334,34.80396388888889,12.15604616156548,Building35First.csv,-17.374927364132496,-13.835689830775195
IMG_2299.jpg,Photos/Building35First/IMG_2299.HEIC,2025:12:24 13:41:58,31.26190555555555,34.803980555555555,9.33226561537514,Building35First.csv,-15.791661427253404,-14.144389831443476
IMG_2300.jpg,Photos/Building35First/IMG_2300.HEIC,2025:12:24 13:42:02,31.26188888888889,34.80399444444444,11.480950457727518,Building35First.csv,-14.472273146745824,-15.996589830715322
IMG_2301.jpg,Photos/Building35First/IMG_2301.HEIC,2025:12:24 13:42:14,31.26183888888889,34.80398611111111,9.635786298324998,Building35First.csv,-15.26390611518537,-21.553189830899782
IMG_2302.jpg,Photos/Building35First/IMG_2302.HEIC,2025:12:24 13:42:16,31.26183888888889,34.80398611111111,9.443258641949065,Building35First.csv,-15.26390611518537,-21.553189830899782
IMG_2303.jpg,Photos/Building35First/IMG_2303.HEIC,2025:12:24 13:42:18,31.26182777777778,34.80398611111111,7.652646502835538,Building35First.csv,-15.26390611518537,-22.787989830809167
IMG_2304.jpg,Photos/Building35First/IMG_2304.HEIC,2025:12:24 13:42:20,31.261830555555555,34.80398611111111,7.635716135716136,Building35First.csv,-15.26390611518537,-22.479289830930526
IMG_2305.jpg,Photos/Building35First/IMG_2305.HEIC,2025:12:24 13:42:22,31.261830555555555,34.803977777777774,7.620208333333333,Building35First.csv,-16.055539083624915,-22.479289830930526
IMG_2306.jpg,Photos/Building35First/IMG_2306.HEIC,2025:12:24 13:42:24,31.261830555555555,34.80396944444444,6.58485073702465,Building35First.csv,-16.84717205206446,-22.479289830930526
IMG_2307.jpg,Photos/Building35First/IMG_2307.HEIC,2025:12:24 13:43:01,31.261980555555557,34.80390833333333,5.268835019183816,Building35First.csv,-22.652480486837806,-5.809489830771966
IMG_2308.jpg,Photos/Building35First/IMG_2308.HEIC,2025:12:24 13:43:03,31.262,34.80393333333333,7.6317120032359185,Building35First.csv,-20.27758158151917,-3.6485898308318383
IMG_2309.jpg,Photos/Building35First/IMG_2309.HEIC,2025:12:24 13:43:05,31.261997222222224,34.803955555555554,6.982787131689717,Building35First.csv,-18.16656033257204,-3.9572898307104794
IMG_2310.jpg,Photos/Building35First/IMG_2310.HEIC,2025:12:24 13:43:06,31.26201111111111,34.80394722222222,7.927515560165976,Building35First.csv,-18.958193301011587,-2.413789830922454
IMG_2311.jpg,Photos/Building35First/IMG_2311.HEIC,2025:12:24 13:43:08,31.262016666666668,34.803955555555554,8.18559275735581,Building35First.csv,-18.16656033257204,-1.7963898307703516
IMG_2312.jpg,Photos/Building35First/IMG_2312.HEIC,2025:12:24 13:43:10,31.262016666666668,34.803958333333334,7.6869292237442925,Building35First.csv,-17.90268267620053,-1.7963898307703516
IMG_2313.jpg,Photos/Building35First/IMG_2313.HEIC,2025:12:24 13:43:11,31.262019444444444,34.80396944444444,6.722154222766218,Building35First.csv,-16.84717205206446,-1.4876898308917106
IMG_2314.jpg,Photos/Building35First/IMG_2314.HEIC,2025:12:24 13:43:13,31.26202222222222,34.80396944444444,4.817795645907609,Building35First.csv,-16.84717205206446,-1.1789898310130695
IMG_2315.jpg,Photos/Building35First/IMG_2315.HEIC,2025:12:24 13:43:15,31.26202222222222,34.803974999999994,3.5450776019476566,Building35First.csv,-16.319416739996427,-1.1789898310130695
IMG_2316.jpg,Photos/Building35First/IMG_2316.HEIC,2025:12:24 13:43:17,31.26201111111111,34.80396944444444,4.177032246864285,Building35First.csv,-16.84717205206446,-2.413789830922454
IMG_2317.jpg,Photos/Building35First/IMG_2317.HEIC,2025:12:24 13:43:19,31.26193888888889,34.803955555555554,10.020145131593198,Building35First.csv,-18.16656033257204,-10.439989830925683
IMG_2318.jpg,Photos/Building35First/IMG_2318.HEIC,2025:12:24 13:43:25,31.261936111111112,34.803955555555554,7.804240565408721,Building35First.csv,-18.16656033257204,-10.748689830804324
IMG_2319.jpg,Photos/Building35First/IMG_2319.HEIC,2025:12:24 13:43:27,31.261919444444445,34.80393333333333,28.516373664253702,Building35First.csv,-20.27758158151917,-12.60088983086581
IMG_2320.jpg,Photos/Building35First/IMG_2320.HEIC,2025:12:24 13:43:58,31.262172222222222,34.803925,9.15107036401409,Building35First.csv,-21.069214549958712,15.49081016914549
IMG_2321.jpg,Photos/Building35First/IMG_2321.HEIC,2025:12:24 13:43:59,31.26217777777778,34.80392777777777,8.85076393372068,Building35First.csv,-20.80533689426219,16.108210169297593
IMG_2322.jpg,Photos/Building35First/IMG_2322.HEIC,2025:12:24 13:44:02,31.26217777777778,34.80392777777777,8.656973041817023,Building35First.csv,-20.80533689426219,16.108210169297593
IMG_2323.jpg,Photos/Building35First/IMG_2323.HEIC,2025:12:24 13:44:09,31.26217777777778,34.80392777777777,7.632918461783948,Building35First.csv,-20.80533689426219,16.108210169297593
IMG_2324.jpg,Photos/Building35First/IMG_2324.HEIC,2025:12:24 13:44:11,31.26217777777778,34.80392777777777,7.571443395247484,Building35First.csv,-20.80533689426219,16.108210169297593
IMG_2325.jpg,Photos/Building35First/IMG_2325.HEIC,2025:12:24 13:44:14,31.26216944444445,34.80393333333333,14.0,Building35First.csv,-20.27758158151917,15.18211016966167
IMG_2326.jpg,Photos/Building35First/IMG_2326.HEIC,2025:12:24 13:44:15,31.26217777777778,34.803936111111106,14.0,Building35First.csv,-20.013703925822643,16.108210169297593
IMG_2327.jpg,Photos/Building35First/IMG_2327.HEIC,2025:12:24 13:44:17,31.262183333333333,34.803936111111106,14.0,Building35First.csv,-20.013703925822643,16.725610169054875
IMG_2328.jpg,Photos/Building35First/IMG_2328.HEIC,2025:12:24 13:44:19,31.26218888888889,34.803936111111106,14.0,Building35First.csv,-20.013703925822643,17.343010169206977
IMG_2329.jpg,Photos/Building35First/IMG_2329.HEIC,2025:12:24 13:44:22,31.262194444444443,34.80393888888889,14.0,Building35First.csv,-19.749826269451134,17.96041016896426
IMG_2330.jpg,Photos/Building35First/IMG_2330.HEIC,2025:12:24 13:44:25,31.262194444444443,34.80394444444444,4.748651529343367,Building35First.csv,-19.222070957383096,17.96041016896426
IMG_2331.jpg,Photos/Building35First/IMG_2331.HEIC,2025:12:24 13:44:28,31.262194444444443,34.80394444444444,4.748651529343367,Building35First.csv,-19.222070957383096,17.96041016896426
IMG_2332.jpg,Photos/Building35First/IMG_2332.HEIC,2025:12:24 13:44:48,31.262216666666667,34.804111111111105,4.748651529343367,Building35First.csv,-3.3894115892671692,20.430010169177848
IMG_2333.jpg,Photos/Building35First/IMG_2333.HEIC,2025:12:24 13:44:52,31.262216666666667,34.804111111111105,4.748651529343367,Building35First.csv,-3.3894115892671692,20.430010169177848
IMG_2334.jpg,Photos/Building35First/IMG_2334.HEIC,2025:12:24 13:45:11,31.262208333333337,34.80410277777777,14.0,Building35First.csv,-4.181044557706715,19.503910169541925
IMG_2335.jpg,Photos/Building35First/IMG_2335.HEIC,2025:12:24 13:45:26,31.262208333333337,34.80410277777777,4.748651529343367,Building35First.csv,-4.181044557706715,19.503910169541925
IMG_2336.jpg,Photos/Building35First/IMG_2336.HEIC,2025:12:24 13:45:29,31.262208333333337,34.80410277777777,4.748651529343367,Building35First.csv,-4.181044557706715,19.503910169541925
IMG_2337.jpg,Photos/Building35First/IMG_2337.HEIC,2025:12:24 13:45:31,31.262205555555557,34.80410277777777,4.748651529343367,Building35First.csv,-4.181044557706715,19.195210169268464
IMG_2338.jpg,Photos/Building35First/IMG_2338.HEIC,2025:12:24 13:45:35,31.262202777777777,34.80410277777777,3.3790303461356093,Building35First.csv,-4.181044557706715,18.886510168995002
IMG_2339.jpg,Photos/Building35First/IMG_2339.HEIC,2025:12:24 13:45:39,31.2622,34.80411944444444,4.733774859571884,Building35First.csv,-2.5977786208276235,18.57781016911636
IMG_2340.jpg,Photos/Building35First/IMG_2340.HEIC,2025:12:24 13:45:42,31.262205555555557,34.80410833333333,4.460925506250457,Building35First.csv,-3.6532892449636933,19.195210169268464
IMG_2341.jpg,Photos/Building35First/IMG_2341.HEIC,2025:12:24 13:45:45,31.262208333333337,34.80410277777777,5.159839543315591,Building35First.csv,-4.181044557706715,19.503910169541925
IMG_2342.jpg,Photos/Building35First/IMG_2342.HEIC,2025:12:24 13:45:49,31.26222222222222,34.80408611111111,12.088220488295995,Building35First.csv,-5.76431049391082,21.04741016893513
IMG_2343.jpg,Photos/Building35First/IMG_2343.HEIC,2025:12:24 13:46:19,31.262158333333332,34.80433333333333,7.060716977069652,Building35First.csv,17.720800902229055,13.947310168962645
IMG_2344.jpg,Photos/Building35First/IMG_2344.HEIC,2025:12:24 13:46:21,31.262155555555555,34.804336111111105,6.909063595393089,Building35First.csv,17.98467855792558,13.638610169084004
IMG_2345.jpg,Photos/Building35First/IMG_2345.HEIC,2025:12:24 13:46:24,31.2622,34.804336111111105,3.5355339055557087,Building35First.csv,17.98467855792558,18.57781016911636
IMG_2346.jpg,Photos/Building35First/IMG_2346.HEIC,2025:12:24 13:46:27,31.2622,34.804336111111105,3.5355339055557087,Building35First.csv,17.98467855792558,18.57781016911636
IMG_2347.jpg,Photos/Building35First/IMG_2347.HEIC,2025:12:24 13:46:29,31.262194444444443,34.80433333333333,3.5355339055557087,Building35First.csv,17.720800902229055,17.96041016896426
IMG_2348.jpg,Photos/Building35First/IMG_2348.HEIC,2025:12:24 13:46:32,31.262191666666663,34.80433333333333,3.5355339055557087,Building35First.csv,17.720800902229055,17.651710168690798
IMG_2349.jpg,Photos/Building35First/IMG_2349.HEIC,2025:12:24 13:46:34,31.26218611111111,34.804336111111105,3.5355339055557087,Building35First.csv,17.98467855792558,17.034310168933516
IMG_2350.jpg,Photos/Building35First/IMG_2350.HEIC,2025:12:24 13:46:36,31.26218611111111,34.804336111111105,4.748651529343367,Building35First.csv,17.98467855792558,17.034310168933516
IMG_2351.jpg,Photos/Building35First/IMG_2351.HEIC,2025:12:24 13:46:38,31.262183333333333,34.804341666666666,4.748651529343367,Building35First.csv,18.512433870668602,16.725610169054875
IMG_2352.jpg,Photos/Building35First/IMG_2352.HEIC,2025:12:24 13:46:40,31.262183333333333,34.804341666666666,4.748651529343367,Building35First.csv,18.512433870668602,16.725610169054875
IMG_2353.jpg,Photos/Building35First/IMG_2353.HEIC,2025:12:24 13:46:42,31.262183333333333,34.804341666666666,4.748651529343367,Building35First.csv,18.512433870668602,16.725610169054875
IMG_2354.jpg,Photos/Building35First/IMG_2354.HEIC,2025:12:24 13:46:45,31.262183333333333,34.804341666666666,4.748651529343367,Building35First.csv,18.512433870668602,16.725610169054875
IMG_2355.jpg,Photos/Building35First/IMG_2355.HEIC,2025:12:24 13:46:47,31.262183333333333,34.80434722222222,4.748651529343367,Building35First.csv,19.040189182736636,16.725610169054875
IMG_2356.jpg,Photos/Building35First/IMG_2356.HEIC,2025:12:24 13:47:13,31.261975,34.804316666666665,4.831703233765089,Building35First.csv,16.137534965349964,-6.426889830924068
IMG_2357.jpg,Photos/Building35First/IMG_2357.HEIC,2025:12:24 13:47:16,31.261975,34.804316666666665,5.2708685545224006,Building35First.csv,16.137534965349964,-6.426889830924068
IMG_2358.jpg,Photos/Building35First/IMG_2358.HEIC,2025:12:24 13:47:19,31.261980555555557,34.80432777777777,5.318640723234362,Building35First.csv,17.193045589486033,-5.809489830771966
IMG_2359.jpg,Photos/Building35First/IMG_2359.HEIC,2025:12:24 13:47:25,31.261980555555557,34.80432777777777,6.776873605460034,Building35First.csv,17.193045589486033,-5.809489830771966
IMG_2360.jpg,Photos/Building35First/IMG_2360.HEIC,2025:12:24 13:47:27,31.261980555555557,34.80432777777777,7.392633773453787,Building35First.csv,17.193045589486033,-5.809489830771966
IMG_2361.jpg,Photos/Building35First/IMG_2361.HEIC,2025:12:24 13:47:29,31.261980555555557,34.80432777777777,7.811337598571641,Building35First.csv,17.193045589486033,-5.809489830771966
IMG_2362.jpg,Photos/Building35First/IMG_2362.HEIC,2025:12:24 13:47:31,31.261980555555557,34.80432777777777,8.146955624355005,Building35First.csv,17.193045589486033,-5.809489830771966
IMG_2363.jpg,Photos/Building35First/IMG_2363.HEIC,2025:12:24 13:47:32,31.261980555555557,34.80432777777777,8.466298694406113,Building35First.csv,17.193045589486033,-5.809489830771966
IMG_2364.jpg,Photos/Building35First/IMG_2364.HEIC,2025:12:24 13:47:34,31.261980555555557,34.80432777777777,8.72455979876515,Building35First.csv,17.193045589486033,-5.809489830771966
IMG_2365.jpg,Photos/Building35First/IMG_2365.HEIC,2025:12:24 13:47:36,31.261980555555557,34.80432777777777,8.72455979876515,Building35First.csv,17.193045589486033,-5.809489830771966
IMG_2366.jpg,Photos/Building35First/IMG_2366.HEIC,2025:12:24 13:47:44,31.261980555555557,34.804325,35.14589104339797,Building35First.csv,16.92916793378951,-5.809489830771966
IMG_2367.jpg,Photos/Building35First/IMG_2367.HEIC,2025:12:24 13:47:46,31.261980555555557,34.804325,35.14589104339797,Building35First.csv,16.92916793378951,-5.809489830771966
IMG_2368.jpg,Photos/Building35First/IMG_2368.HEIC,2025:12:24 13:48:01,31.261980555555557,34.804325,19.94976122254059,Building35First.csv,16.92916793378951,-5.809489830771966
IMG_2369.jpg,Photos/Building35First/IMG_2369.HEIC,2025:12:24 13:48:03,31.261980555555557,34.804325,19.94976122254059,Building35First.csv,16.92916793378951,-5.809489830771966
IMG_2370.jpg,Photos/Building35First/IMG_2370.HEIC,2025:12:24 13:48:05,31.261980555555557,34.804325,14.12618994908125,Building35First.csv,16.92916793378951,-5.809489830771966
IMG_2371.jpg,Photos/Building35First/IMG_2371.HEIC,2025:12:24 13:48:07,31.261980555555557,34.804325,14.12618994908125,Building35First.csv,16.92916793378951,-5.809489830771966
IMG_2372.jpg,Photos/Building35First/IMG_2372.HEIC,2025:12:24 13:48:41,31.261936111111112,34.80430555555555,3.6321670957172945,Building35First.csv,15.082024340538908,-10.748689830804324
IMG_2373.jpg,Photos/Building35First/IMG_2373.HEIC,2025:12:24 13:48:43,31.261936111111112,34.80430555555555,3.77032590051458,Building35First.csv,15.082024340538908,-10.748689830804324
IMG_2374.jpg,Photos/Building35First/IMG_2374.HEIC,2025:12:24 13:48:44,31.261936111111112,34.80431111111111,3.74242541650523,Building35First.csv,15.60977965328193,-10.748689830804324
IMG_2375.jpg,Photos/Building35First/IMG_2375.HEIC,2025:12:24 13:48:46,31.261936111111112,34.80430555555555,10.884327193256322,Building35First.csv,15.082024340538908,-10.748689830804324
IMG_2376.jpg,Photos/Building35First/IMG_2376.HEIC,2025:12:24 13:48:48,31.261919444444445,34.80430555555555,7.329696745562131,Building35First.csv,15.082024340538908,-12.60088983086581
IMG_2377.jpg,Photos/Building35First/IMG_2377.HEIC,2025:12:24 13:48:50,31.261913888888888,34.80429722222222,6.1632149155958675,Building35First.csv,14.290391372099362,-13.218289831017913
IMG_2378.jpg,Photos/Building35First/IMG_2378.HEIC,2025:12:24 13:48:51,31.261913888888888,34.804291666666664,6.058006545814664,Building35First.csv,13.762636060031326,-13.218289831017913
IMG_2379.jpg,Photos/Building35First/IMG_2379.HEIC,2025:12:24 13:48:53,31.261916666666668,34.804291666666664,5.786739926739926,Building35First.csv,13.762636060031326,-12.909589830744451
IMG_2380.jpg,Photos/Building35First/IMG_2380.HEIC,2025:12:24 13:48:54,31.26192222222222,34.804291666666664,5.785927635598398,Building35First.csv,13.762636060031326,-12.29218983098717
IMG_2381.jpg,Photos/Building35First/IMG_2381.HEIC,2025:12:24 13:48:56,31.26193333333333,34.80428611111111,7.191887929630233,Building35First.csv,13.234880747963292,-11.057389831077785
IMG_2382.jpg,Photos/Building35First/IMG_2382.HEIC,2025:12:24 13:48:57,31.261930555555555,34.80428333333333,5.22457522777641,Building35First.csv,12.97100309159178,-11.366089830956426
IMG_2383.jpg,Photos/Building35First/IMG_2383.HEIC,2025:12:24 13:49:00,31.261925,34.804291666666664,8.572673200971769,Building35First.csv,13.762636060031326,-11.983489830713708
IMG_2384.jpg,Photos/Building35First/IMG_2384.HEIC,2025:12:24 13:50:23,31.261972222222223,34.804088888888884,4.010689742937134,Building35First.csv,-5.500432838214295,-6.735589830802709
IMG_2385.jpg,Photos/Building35First/IMG_2385.HEIC,2025:12:24 13:50:25,31.26198888888889,34.80410833333333,3.5355339055557087,Building35First.csv,-3.6532892449636933,-4.883389830741223
IMG_2386.jpg,Photos/Building35First/IMG_2386.HEIC,2025:12:24 13:50:28,31.261994444444444,34.80411944444444,3.5355339055557087,Building35First.csv,-2.5977786208276235,-4.265989830983941
IMG_2387.jpg,Photos/Building35First/IMG_2387.HEIC,2025:12:24 13:50:30,31.261997222222224,34.80412222222222,3.5355339055557087,Building35First.csv,-2.3339009644561126,-3.9572898307104794
IMG_2388.jpg,Photos/Building35First/IMG_2388.HEIC,2025:12:24 13:50:32,31.262,34.80412222222222,4.748651529343367,Building35First.csv,-2.3339009644561126,-3.6485898308318383
IMG_2389.jpg,Photos/Building35First/IMG_2389.HEIC,2025:12:24 13:50:35,31.262,34.80412777777777,4.748651529343367,Building35First.csv,-1.8061456523880777,-3.6485898308318383
IMG_2390.jpg,Photos/Building35First/IMG_2390.HEIC,2025:12:24 13:50:38,31.26201111111111,34.80413055555555,4.748651529343367,Building35First.csv,-1.5422679960165668,-2.413789830922454
IMG_2391.jpg,Photos/Building35First/IMG_2391.HEIC,2025:12:24 13:50:40,31.26201111111111,34.80413055555555,4.748651529343367,Building35First.csv,-1.5422679960165668,-2.413789830922454
IMG_2392.jpg,Photos/Building35First/IMG_2392.HEIC,2025:12:24 13:50:45,31.26201111111111,34.80413055555555,4.748651529343367,Building35First.csv,-1.5422679960165668,-2.413789830922454
IMG_2393.jpg,Photos/Building35First/IMG_2393.HEIC,2025:12:24 13:50:47,31.262027777777774,34.80412777777777,4.748651529343367,Building35First.csv,-1.8061456523880777,-0.5615898312557874
IMG_2394.jpg,Photos/Building35First/IMG_2394.HEIC,2025:12:24 13:50:49,31.262027777777774,34.80413055555555,4.748651529343367,Building35First.csv,-1.5422679960165668,-0.5615898312557874
IMG_2395.jpg,Photos/Building35First/IMG_2395.HEIC,2025:12:24 13:50:51,31.262027777777774,34.80413055555555,4.748651529343367,Building35First.csv,-1.5422679960165668,-0.5615898312557874
IMG_2396.jpg,Photos/Building35First/IMG_2396.HEIC,2025:12:24 13:50:53,31.262027777777774,34.80413055555555,4.337312245100965,Building35First.csv,-1.5422679960165668,-0.5615898312557874
